,BT20,BT549,CAL120,CAL148,CAL51,DU4475,HCC1143,HCC1187,HCC1395,HCC1500,HCC1599,HCC1806,HCC1937,HCC2157,HCC38,HDQP1,HS578T,MDAMB157,MDAMB231,MDAMB436,MDAMB468
KRT5,8.4365775,0.5564950,0.5435685,0.7129134,0.2635739,9.1280809,1.9257645,7.5737909,7.6853908,0.8368072,9.6622572,9.7891974,6.2275324,0.5836748,9.0180876,4.1405409,0.3505702,0.7295694,0.2988134,0.4313828,9.1770866
KRT19,10.2018771, 3.2650746, 9.4420310,10.1905703, 8.0916026, 1.9379723, 8.1223792, 8.6210697, 1.7439537, 9.7774233,10.4412782,10.4951272, 3.5393151, 9.8458815,10.1732032, 9.6721156, 0.5562997, 0.7225905, 8.3578343, 0.6977802,10.3628710
SPARC, 0.8312582, 7.0725039, 8.8479205, 0.4849601, 6.0920661, 0.4236743, 0.8546518, 1.6648950, 4.7396360, 0.4515915, 0.4501859, 0.4186279, 4.4165000, 8.9921938, 5.3289497, 5.2326414,11.3564536,11.4824110, 0.5425517, 1.0632884, 1.5175384
KLK5, 7.43808495, 0.12090157, 0.75807989, 0.03973856, 0.13061149, 0.06554258, 6.11425133, 7.66760264, 0.36072641, 0.22823840, 3.72084836, 6.75217369,10.49388647, 4.74120794, 8.75979291, 6.50328918, 0.09114174, 0.06475424, 0.13570308, 0.11521244, 8.82872446
KRT81,0.5502239,1.4501650,0.8430554,0.5512670,0.1859217,7.3010250,7.9554838,0.9515011,9.3683049,0.5892443,2.8633698,0.7993207,7.6318162,7.4509866,9.3659351,9.8887852,1.0824299,0.7291720,4.8880208,0.1828866,7.7892219
MGP, 6.51840103, 6.10595006, 5.29344892, 0.61758640, 2.76953572, 0.03038483, 5.48667670,11.07963468, 6.92156921, 8.73433275, 0.23261207, 0.38287983, 5.72760662, 7.59630261, 9.29790841, 5.54639182, 1.08962634, 0.96052835, 0.03434054, 0.08135719, 8.15380435
IGFBP5,10.0521670, 0.5686114, 5.7705078, 0.8897230, 0.3437851, 0.1825059, 1.8580924, 3.9095136, 5.7126471,10.8220466, 1.8445563, 0.6748467, 4.9480069, 1.1836121, 9.6123326, 1.5247191, 6.5769653, 0.4747374, 0.1720286, 2.1779206, 5.5410088
TACSTD2,6.3909389,0.2879814,7.1472074,2.2136926,0.2065910,1.7375610,7.8277420,4.9063352,0.4641409,6.5701693,7.5624266,8.0075245,8.6990300,7.1291492,8.1187003,8.6255353,0.1414484,0.1375972,4.5637026,0.1998524,8.2953851
RARRES1, 3.9788196, 0.5751294, 1.3106869, 0.2629816, 1.1546232, 0.6702990, 4.0561093, 7.8015340, 1.9443829, 0.5711778, 0.9485301, 0.1310466, 9.9211362, 3.0986732, 6.2529198,10.2553718, 0.7309809, 0.6241073, 0.1432481, 1.5991704, 8.3360138
VIM, 1.5574555, 9.0476260, 9.0116043, 1.2277913, 5.0407893, 0.7123842, 8.1034012, 4.3807498, 8.2817081, 0.8045792, 4.4786668, 0.8207916, 1.4733866, 7.5895132, 5.8461485, 5.0081084,10.1775137, 9.7534532, 8.9839149, 7.8876378, 2.9586184
CALML5,0.24598071,0.00000000,0.00000000,6.53884514,0.06827253,9.09321170,4.78857427,1.24984188,0.00000000,0.30187852,6.41069253,5.06528398,5.71306646,8.47835255,0.32672339,6.07953931,0.02779763,0.00000000,0.03356556,0.00000000,6.70160883
KRT14,1.27057900,0.74794356,0.13974500,0.34739655,0.08930277,0.01572937,1.59587971,1.20846077,9.33815272,0.54875578,4.87934178,8.89707361,5.83611269,5.49823981,1.42443844,1.42200046,9.77887943,0.03090835,0.12835919,0.33720797,5.53684954
RP11-124N14.3, 1.7989274, 9.0375533, 9.0797134, 1.3855286, 5.1081950, 0.6486936, 8.4057721, 4.4186250, 8.3707446, 0.8166921, 4.4699050, 0.9854463, 1.3629688, 7.5135492, 5.7618814, 4.9612932,10.0244600, 9.6166661, 8.8098667, 7.6840167, 2.9024576
S100A9,10.01449643, 2.43605892, 0.25043729, 2.38884253, 0.24358572, 0.13057377, 4.90333245, 6.20757860, 3.44473827, 1.05390120, 4.88832818, 4.99953746, 7.96143706, 2.38227427, 2.53500395, 5.05581017, 0.16110618, 0.02232374, 0.73215759, 8.58591818,10.11962745
AZGP1,0.10370525,0.01287106,0.14954716,6.40080506,0.04144324,1.92665378,6.49467336,0.58565852,0.28500814,2.86173714,9.21599534,0.94828773,4.47755979,9.13620638,4.28282911,1.39981548,0.01678086,0.01771365,0.06651634,0.17900406,8.29959639
KRT17,2.5791528,0.6467773,0.6138426,0.9444562,0.7417020,0.3312583,7.5123913,6.1115385,2.0882474,1.1607156,5.6772723,5.1090364,7.8819095,0.1868752,1.2659098,9.2022244,8.7904886,0.2015863,1.1727267,1.7678068,8.5641850
KLK6,6.63044000,0.14495898,0.47769170,0.08283380,0.31230441,5.10630926,7.18531873,5.99754044,0.63488133,0.39422458,1.50966714,1.26869669,9.50035345,3.47511209,5.10552044,7.44680869,0.03077621,0.04526756,0.07337567,0.14230328,8.11893426
KRT7,9.4722999,6.1100491,2.1806594,4.0301428,0.5638415,1.2404802,8.1568134,8.0126365,4.1257825,4.9934040,8.4906488,8.1056095,9.2141356,7.8382265,9.5278335,9.8205607,2.0409346,0.9382931,7.8015768,2.3919261,8.6674317
COL1A2, 0.69440194, 8.03675282, 5.16994304, 0.29307708, 2.28500620, 0.12330726, 0.09465751, 1.22569192, 7.53807156, 0.27987800, 0.25466005, 0.25312238, 2.08011861, 1.94973367, 2.82961407, 5.87452928,11.73001025, 0.53998782, 1.50618619, 0.10067117, 0.35898256
VIM-AS1,1.3884545,8.1849045,8.3152809,0.8673959,4.3044353,0.5066349,7.1005015,3.8259591,7.4238138,0.4998489,3.9221012,0.5577540,1.1138911,6.9788912,5.3814305,4.3830552,9.6222628,9.1221950,8.4028350,7.2747053,2.4603770
COL3A1, 0.20982292, 6.41012070, 5.20441891, 0.05766585, 4.04576216, 0.04202211, 0.17694470, 2.72392597, 0.58023760, 0.56665723, 0.10964034, 0.17975569, 0.82162258, 0.82760297, 0.81643747, 0.76978282,10.59666750, 9.33729360, 0.15732243, 0.23415648, 0.85576211
CTGF, 0.2667156, 8.1243301, 6.3405332, 0.1454693, 5.9231424, 0.3522227, 6.4550075, 4.7677995, 5.0663167, 0.2269712, 4.0238180, 1.8545975, 1.7186184, 0.9078492, 9.5031684, 3.6119968,10.7159317, 3.0870322, 7.0748630, 2.3894404, 5.7656487
ANPEP,0.08965146,8.29337987,4.09856787,0.16754423,0.20215864,0.11367077,0.10248982,2.43769252,0.87207716,0.08469521,0.11555341,0.66235029,6.46673157,0.19140281,7.76748517,8.01298285,4.52318241,2.29298807,0.06861343,7.30668406,5.17793561
AKR1B1,10.0717564, 6.3546445, 6.1679554, 0.7407440, 5.6634655, 0.3224022, 0.6795155, 4.5205643, 9.1962138, 0.5686609, 3.7456956, 5.0203910, 7.6292099, 0.3596847, 6.8174490, 7.1628993, 6.1536522, 6.5182132, 6.6004148, 9.6866728, 7.2534413
KRT16,4.31430885,0.21894512,0.57506254,0.15871840,0.07209903,0.02516338,5.07716957,3.46492958,5.16792296,0.49284842,9.04121346,3.84678302,8.82826551,7.20651406,5.59850021,4.13553082,4.75024042,0.07926568,0.07009023,0.66400092,6.98254479
PI3,2.15617908,1.02103655,0.25043729,0.23521742,0.45192393,0.04485058,5.37300584,1.81447226,1.25006026,0.36637678,1.43993967,1.82226623,9.90647714,0.15710393,1.79360341,4.33133576,0.08280077,5.14441864,0.23717392,9.91567828,5.68198845
IGFBP7,0.3196188,6.1298790,3.0777943,0.1532045,7.2904479,4.8215084,7.1584719,1.0582774,2.4045933,0.4135446,0.5778774,6.5578836,1.2402201,0.8533761,5.6208699,3.9073324,9.3503853,7.3471423,8.1537757,3.2377242,0.8113013
FN1, 7.158379, 5.254507, 5.555699, 1.324368, 8.580689, 1.639117, 5.839824, 2.505173, 9.343573, 2.507935, 1.378454, 2.667481, 2.903706, 2.509665, 8.080947, 3.705034,12.096497, 8.032751, 6.567826, 7.185515, 3.828421
ST14,6.25364309,0.14901587,0.29582793,6.91035178,2.29850236,8.52966861,5.56217265,6.81990951,0.34108330,4.62441106,5.88318536,6.37711453,7.58647126,6.10719329,5.06573676,5.74313804,0.11352001,0.07155534,0.85124054,0.17494124,6.64886794
LCN2,6.9802005,0.6151038,0.2073149,0.5043701,0.1773594,0.1150248,6.5295775,2.2403700,1.6623896,0.6878565,3.0141721,5.0633411,9.2551838,5.6300414,2.0122335,7.8362674,0.1200388,0.1072204,0.3010680,3.5032184,6.2707507
VGLL1,7.876722082,0.071524024,0.263076706,0.086199298,0.009901769,0.042025092,0.254670865,5.267034246,0.086701147,0.017249295,1.451434440,4.433328193,7.226008612,5.706494859,0.245814055,5.976825599,0.023736334,0.016749855,0.000000000,0.034453647,7.098258791
UCHL1,0.4147508,6.8269756,8.4001820,3.9600914,1.7312037,0.5017921,2.6061352,8.0138065,8.0487395,0.4544725,3.4039182,7.1913894,5.2332983,3.7951772,7.2003184,6.9994336,0.3530173,4.5649224,1.2239276,8.6219326,2.2915726
RAB25,6.02878156,0.14822146,0.35906161,6.83564663,0.39415810,6.20865544,4.43199830,5.95138042,0.22593520,5.80202907,6.58686555,5.43856396,6.20203068,7.15679305,5.26177701,6.31108806,0.07100864,0.09660494,0.02618033,0.03922803,6.49531647
MYL9,7.0037838,6.9929287,6.2759241,0.1420607,4.8485559,0.1056487,5.2192523,0.5422556,5.7917575,3.7330909,0.2014971,4.8700489,1.5393789,1.1804404,8.3256324,5.6826539,9.8583452,8.3858026,6.3830507,4.8928655,3.1145615
TIMP3,0.2112977,2.5146924,5.9675895,0.3461151,0.5963166,0.1567687,0.3440432,0.3730211,6.1482579,4.4630996,0.3485810,5.4957742,7.4392947,0.8626826,6.6127791,5.8178546,8.3728624,0.9533221,6.9170307,0.9519946,4.3355541
SLPI,6.92287118,0.80296480,0.84866491,4.73962251,2.82938935,0.49844596,6.84481244,5.37270966,4.53206944,4.29488125,8.32741422,6.41230314,9.80265056,6.67193059,5.78224430,8.50695775,0.08023318,3.89032199,0.58655561,6.84193370,7.58614697
IGFBP3,0.2502415,6.3131324,6.6512888,1.2808817,8.2686702,1.0717158,8.8147217,7.1605862,7.4006692,2.3487025,1.8048148,8.2432790,8.5367051,2.2508428,7.5001730,8.5339490,9.1129108,6.2268123,4.0846757,6.2345937,7.1604737
ALDH1A3,7.4522823,4.3088737,2.7670069,0.2337224,0.2301966,8.7462373,7.7809365,6.9273142,5.5245483,0.2946652,6.9657707,5.8556367,7.3565104,7.0379145,8.4388219,8.1185098,2.7362043,2.0081366,2.1593340,6.8643797,7.1552696
SERPINE1, 2.1572752, 5.0817588, 6.2055048, 0.3908373, 0.4673786, 2.5481965, 4.6310525, 0.9845191, 1.4216437, 0.3483342, 0.3501004, 2.6385873, 2.5069610, 1.3224330, 2.6563616, 3.6430263,10.8522680, 3.0869814, 7.5835913, 8.7593846, 2.1460114
CAV1,3.8318065,8.7113407,8.8240934,0.4602965,4.8470383,0.2622006,6.6956094,3.0983716,8.2006167,0.5409934,0.8481393,7.3838221,7.0573993,3.6164013,5.1291174,8.2135703,8.0443601,6.1402288,8.2264561,5.8436162,6.0702623
CRABP2,6.324140,2.902934,3.025272,9.047284,2.936808,5.600504,6.879147,9.324979,3.167189,9.161622,8.800963,3.677683,9.508907,7.685755,6.688391,6.455351,1.107171,1.899963,2.488347,3.003091,9.576407
BST2,7.6705380,3.3041671,7.4864148,0.4108472,3.2790126,6.7319205,4.4194392,7.5120332,3.5623666,8.4991599,0.3635618,5.3413880,8.9859066,0.8066601,1.3209158,8.2705814,0.6184124,6.6146665,6.7729468,5.4498407,5.1988423
AXL,0.12920831,5.68768238,7.22131629,0.14425523,2.19960810,0.09417226,6.32726591,0.36812232,5.24659448,0.30297326,0.15657760,0.56312893,4.94565619,0.24608063,4.92889025,4.76522599,7.89392482,4.22567199,8.08299165,3.69399871,0.85847764
GSTP1,0.8849357,7.6154152,7.3388378,6.3276998,9.4689925,8.0552510,7.2727331,8.5006925,8.9635877,1.1512916,0.9712522,8.7090747,0.7479575,8.5808180,8.1488181,8.5464002,7.1462724,7.6802772,7.3298032,7.5032559,5.5617033
TGFBI, 3.1803774, 8.8512595, 3.4183792, 0.9351227, 1.4951512, 5.5207233, 8.3256362, 6.4020227, 9.8179828, 0.7827426, 2.5493622, 6.3456552, 5.1336864, 1.2205310, 6.1148796, 5.8297194,10.3196166, 8.4495385, 5.5835366, 5.1932047, 4.3178746
CRYAB,2.12018273,0.20758876,0.46523305,0.08090706,0.12206740,0.01630842,3.41709522,7.69405771,0.82539584,0.09679014,7.92992179,1.78960996,2.94644148,8.30911174,6.40181765,0.33476733,4.49874222,3.55634759,0.00000000,0.03314307,4.17901095
CTB-147C22.8,5.60717474,0.07648764,0.27187516,0.01093795,0.04711920,3.65953312,5.60348848,5.45647700,0.24853383,0.17073258,1.52894164,3.55195768,8.40862517,2.75016588,5.78730119,5.94102109,0.01276238,0.04004685,0.04579536,0.02774613,7.03927753
UCA1,5.75216491,0.04436518,2.05418398,0.18863159,0.66982975,0.07246589,5.74266100,0.16745578,0.16342000,0.32649443,0.35444159,5.92332522,8.56607402,0.35379127,1.00218622,7.83083171,0.09317645,0.04994270,3.38775283,0.06846529,4.39678820
EPCAM,6.6499257,0.3596984,2.0410927,7.2105221,7.5724588,7.3023024,7.1551939,4.8386114,0.8769839,6.6330867,8.0412053,6.7580323,7.1246835,6.5550137,7.6170905,6.9610271,0.1961395,1.1546127,3.4704100,1.0432449,7.4003195
FXYD3,4.02071575,0.14152241,0.10446844,3.69750446,0.10636000,0.37179804,3.96895378,0.16740513,0.31067319,6.35901062,5.54490537,7.21651231,7.72232111,5.62083015,2.82855452,5.16238334,0.03749035,0.17202853,0.06000774,0.09804280,6.56449864
DKK4, 0.00000000, 0.00000000, 0.04735421, 0.04635836, 0.00000000,13.16573232, 0.00000000, 0.00000000, 0.00000000, 0.00000000, 0.10485407, 0.09686720, 0.01330527, 0.01332873, 0.00000000, 0.02712753, 0.00000000, 0.02875179, 0.00000000, 0.00000000, 0.00000000
AARD,0.7000114,3.5356529,0.7801677,0.2735576,0.0000000,0.0000000,4.6131055,0.9520137,4.7174657,6.7628765,8.8862095,0.1220161,3.4094993,8.6414961,5.9741279,1.3943398,0.3350581,2.3323622,0.2895634,0.8595922,3.0453247
SPINT2,8.7545345,1.9732214,7.1564050,8.8900947,6.1057164,7.2327795,7.6805771,7.2197769,4.6437188,8.7494067,8.4077362,8.0287950,8.8679412,6.6839933,7.7648381,8.0966622,0.6473917,0.9202265,7.3529830,0.5893680,8.4677828
BGN,0.07010106,1.23695460,0.14456298,0.02552746,5.27284432,5.75375814,2.05849841,6.43091776,8.84317215,0.15978466,1.05067719,1.95538182,0.36024447,0.27870954,4.61270059,0.76735989,7.67943360,2.73229694,0.08820236,5.22868396,0.27881939
LDHB,1.297938,8.448026,9.562157,1.297203,9.207850,1.154658,7.086629,9.172139,6.961627,1.499748,8.588351,7.717872,8.585445,8.306332,7.133808,7.784497,6.950548,7.219264,8.197496,9.234137,5.466356
S100A14,5.7269874,0.3046424,1.3546501,4.9332726,1.3002382,0.6249557,6.1327969,3.7694755,0.7349957,0.8697426,1.2935678,5.7060683,7.8543351,0.6819426,4.6530604,6.5392936,0.1111294,0.2850181,0.5138930,0.3854169,8.3954443
BASP1,0.1930145,7.7419947,5.9932582,1.0716074,0.1755110,0.1956118,6.8472597,4.1349234,4.6694538,0.2523849,0.6783678,0.7501399,3.5841930,0.1841609,4.0580758,5.1393382,5.9161986,6.6068757,5.8367102,7.2107682,0.5511237
FSTL1,3.3656679,8.4639799,7.7293312,0.5172947,6.0580709,0.1705391,3.2484191,5.1192228,4.9921193,0.2558425,1.5406264,5.5681649,5.5418049,1.5198243,6.7134010,5.8033874,9.3373478,6.6711288,5.6869026,6.5813123,0.8433782
RP5-977B1.11,6.50515990,6.46448966,5.58336872,0.11340012,4.31412129,0.07181091,4.51662604,0.33821826,5.22633575,3.11188936,0.15071837,4.44428483,1.29966492,0.96566303,7.80607648,5.17119726,9.34104192,7.90473310,5.91417497,4.45828369,2.64587685
CLDN7,6.42354695,0.49267935,0.89170746,6.62687549,2.17466027,4.70791874,6.93663336,4.12681143,0.49623763,5.95667278,5.41510913,6.52062815,7.03341813,7.16766422,5.75654767,7.28577725,0.05192902,0.36764973,3.08268937,0.21436159,6.93625143
Z98256.1,0.15777421,2.34068574,5.75641421,0.27868875,0.55070020,0.09287678,0.22515543,0.49883171,5.66386067,3.93082656,0.40920611,5.21014916,6.95063305,0.71901002,6.12631408,5.18029542,7.89265343,0.82067292,6.33709470,0.74815194,3.79913159
COL6A1,2.0096279,5.1941358,1.4289937,0.6216213,5.4463530,3.7297790,8.0107512,0.4637192,7.2628625,0.3340462,2.3658334,4.9092782,5.1646180,3.6820292,5.6038620,6.4202971,9.3475562,7.5098447,5.0479902,7.3142350,0.6735072
EFEMP1,0.2759220,6.1880514,5.3251525,0.2653642,0.2388684,3.5385065,6.7260503,0.6675802,2.5579789,2.2441350,0.8483442,6.5212283,4.4263436,0.3505820,9.0672812,6.8048992,6.2346059,5.8010127,5.2654353,1.2890609,3.4962100
POSTN, 0.075050934, 2.835661955, 5.760264019, 0.009603179, 0.118309503, 0.026218737, 0.015625814, 0.727651072, 1.358625649, 0.021856511, 0.008870008, 0.103894691, 0.836129111, 0.799987372, 1.054434987, 0.835257641,11.003382542, 5.615402775, 0.159611968, 0.140444283, 0.369663835
S100A6, 6.704360, 8.812089,10.087523, 5.685917, 7.784128, 4.568129, 8.358400, 2.676776, 9.777122, 3.962504, 1.655381, 8.802237,10.098573, 7.416207, 8.450355,10.381949, 9.089796, 9.841539,11.950290, 9.851285, 9.984783
RP3-416H24.1,8.0097012,4.7457820,2.0666961,2.8512700,0.3082552,0.9126182,6.8940691,6.6067712,3.9711653,3.6652982,7.2351307,6.7749141,7.7248568,6.4677039,8.0258225,8.3986937,1.8787816,0.8024437,6.3370424,2.2795666,7.3197237
COL6A2,3.0747936,4.6963305,0.6161746,2.9498358,4.8684493,0.0575222,6.4748409,0.3960048,7.4275906,0.2463688,2.8896155,5.0896535,4.4389584,2.0812902,4.3943753,6.5883422,9.2700101,7.2342561,3.8659737,7.4453411,0.6167850
SFRP1, 3.07309373, 3.90258507,11.53706219, 1.18486551, 1.54530488, 0.03547657, 4.93953043, 3.67863957, 2.31342067, 0.05784860, 5.95360279, 1.36695694, 5.32111927, 5.96052893, 3.01776748, 2.55842795, 0.34334284, 4.65478012, 0.56248377, 1.68689213, 5.66089826
ACTA2,0.08488958,5.66667932,0.29611772,0.38527357,2.66011899,0.64059182,0.65075398,2.66706692,7.04569818,0.34883275,1.60062528,1.63280066,0.99097953,0.43772442,6.10194699,1.35902919,9.18608038,6.71788588,0.85181856,1.86236257,0.45938409
S100A16,7.1761252,0.4564906,6.4328803,6.6223766,5.6487823,6.2429179,5.5804718,5.5996564,1.2344693,0.5756516,2.3375722,6.2019245,7.5542861,0.2920689,6.5833989,6.9056816,5.4584944,0.4263490,7.1043250,6.6630057,8.3766004
COL1A1, 2.3787964, 7.3388658, 2.1828238, 0.5681790, 2.1433455, 0.3063003, 3.8408109, 2.1764813, 6.0053927, 2.4486336, 2.7691021, 2.7067252, 2.6848529, 2.3200598, 6.5780692, 3.8032290,11.9321060, 6.3686172, 1.2828105, 2.0214998, 2.0318889
CLDN4,4.9005758,0.3943123,1.5204529,7.3730515,1.0697372,0.8337237,5.6912326,7.1211006,0.9048062,5.4372060,6.7547481,4.9084133,5.8257084,6.6359770,7.3454503,6.1388961,0.2605229,0.5135414,4.8507067,0.7231328,5.1599462
KRT23,0.66548887,0.10068231,0.24309693,0.13000107,0.06627732,0.36647510,2.22960562,2.56718217,0.13470931,0.90749722,7.44426751,0.41571537,5.00349132,7.22970997,6.08827939,0.57395047,0.04907372,0.01904097,0.03793125,0.09591325,6.66163057
WFDC2,0.287991822,0.085963775,0.080741052,0.391307220,0.096415816,3.694235870,1.575571618,5.765621990,0.205991136,0.424388364,0.176377537,4.491034808,5.112689571,7.628803168,7.179890872,6.489728426,0.008868069,1.114638333,0.922363454,0.138894117,0.635135046
KRT4,6.555198785,0.007292381,0.059993948,0.028332356,0.656986419,0.055057387,0.080994156,0.229077549,0.114153485,0.070894204,0.177360054,7.950518165,7.450831419,0.023050695,0.127771136,1.800523445,0.249202844,0.227928803,0.039862848,0.020709391,5.284301251
CST6,6.67762481,0.10754645,4.88750363,0.08092343,0.05928333,1.34272476,1.35323515,1.79613242,0.09742750,0.13446076,0.27164828,1.94536614,7.30075375,0.14968149,6.59673016,5.72007649,0.04779022,0.05041690,5.12197120,0.01759065,5.00349467
C3,4.00589331,2.44314667,2.14699129,0.12845635,1.44108238,0.07408542,8.17260162,1.34414390,1.81357415,0.56338154,1.10715393,6.00945918,6.72178354,7.12408486,1.31030497,6.75983994,0.32618279,2.37436056,0.74289455,6.65006150,4.35296411
CTB-113P19.1,0.09926642,3.63855413,5.42454063,0.06115965,2.81563034,0.03554915,0.07009916,0.30153761,1.99513726,0.05976864,0.07212822,0.02890991,1.59937749,5.79671586,2.41796902,2.41503290,8.17070628,8.26196290,0.07924762,0.26781746,0.25804057
ALPP,6.770579616,0.028246500,1.694095345,0.052204658,0.050636101,2.930370094,2.514292917,0.122856652,0.137437409,0.026752150,0.058784295,2.774502863,7.385353065,0.004023699,0.461920998,7.245090161,0.107606056,0.164967339,1.137952204,0.061950043,6.261950852
RP11-510N19.5,7.2759278,1.3110894,1.7167481,7.2813992,4.5302844,0.5655460,5.9569824,7.1362688,0.7642003,4.6203687,7.3403435,6.3176997,6.9748898,6.3832360,5.3839512,5.9167053,0.1646155,1.0085602,2.0975957,2.5917189,7.1451879
EEF1A2,8.7419598,2.2757501,3.9644621,2.8530412,2.5121426,0.5505392,3.4420943,0.8990785,5.2031393,7.3781120,0.7136422,6.1581118,7.1861416,8.1998513,7.0154974,1.6447381,1.6908803,5.2935920,3.5486227,6.2133520,0.9604316
LOXL2,4.1787957,8.5498196,5.5792658,0.5460112,5.3141905,0.4882600,4.0904875,5.2245533,6.4906265,0.2615673,0.5408258,0.8816676,3.8564105,1.5204276,3.1554032,3.5713834,9.6342485,5.4881878,6.7799083,5.1132325,4.2792398
MMP7,0.05965936,0.28743102,0.16831294,0.15933768,3.43694265,0.10148628,6.18252954,2.86714703,2.85047683,0.22002992,8.18777824,0.54327448,0.16066667,0.07262767,8.30489912,0.61868425,0.13549097,0.50171412,0.05193932,3.18760519,2.92215227
TNC,2.33760298,4.17508762,1.71427298,0.17982175,0.16629043,0.09087695,6.15814862,8.59046678,7.29910403,1.91519401,0.92300620,0.16543110,1.21627435,2.23776029,7.62665540,1.75127221,3.89424104,5.18329811,2.85581490,6.11003958,3.10709437
SDC2,0.12619284,3.15390861,0.95107933,0.10535130,5.78894898,0.03441648,5.83000748,4.05830360,4.73271719,4.97898760,4.51519957,0.21490079,0.13590532,0.08968638,6.36461387,2.30469473,7.49277713,7.62211428,2.56403840,3.23929041,0.15385513
LCP1,6.8559109,0.4036414,2.9719233,0.8336356,0.2889837,0.2279352,0.9737541,1.1067851,7.4405140,1.7543584,1.0362495,5.7979386,5.7877265,0.3686238,7.2275434,5.6040655,4.0600322,0.7599735,0.4433312,0.7516284,0.9795146
ELN,0.02034802,0.37309229,0.02677765,0.25214614,0.01593751,3.71819546,0.01193064,8.97417290,0.21944621,0.03046400,0.10150514,0.01863003,0.34735904,0.23958112,8.46620532,0.29554207,0.18341379,0.32902368,0.03080560,0.04974871,0.12781356
COL5A2,0.2045477,6.9442946,5.3616539,0.5102664,5.6751616,0.4046895,0.9339503,0.8551436,1.1462031,0.2566662,0.5386332,5.2961917,1.1586642,0.3554867,2.2440445,4.5896341,7.9069227,5.8475253,0.2272733,1.7262528,5.3910398
FBLN2,0.04127191,7.29009579,5.26520898,0.70772026,2.77406203,0.43564636,6.49623013,1.47345178,1.26412141,0.04556528,0.03263224,3.18844864,4.88461240,0.12599244,0.80853930,3.21772434,0.36911306,6.16936538,0.06515202,7.16773633,0.84378954
LAMB3,5.3119590,0.3575374,3.6446557,0.5406154,1.4922792,0.1464944,7.4431198,0.5486680,5.7854968,0.6501598,3.1059630,7.8896147,6.5079435,0.2307679,5.6009055,5.6104201,3.3662276,1.6159706,6.6247231,3.4411156,4.6439787
SPOCK2,1.11341908,0.34498129,0.51112757,0.03325892,0.41080912,6.61697234,2.25564360,4.84122773,0.51036270,0.10398621,0.42786988,2.23904744,6.80692746,2.29542165,3.11517958,9.00857754,0.07116784,0.22959603,0.13597106,0.13269650,1.99833304
PLAU,0.4509964,6.7161389,5.9592672,0.6047489,2.8340609,0.1300709,6.6502502,1.1547461,1.5500378,0.8478786,1.9760481,6.3932026,4.8231567,0.4962984,5.1841553,6.7362473,5.0042248,1.9243319,7.5972165,6.5063190,3.9154079
CDH1,7.5134094,0.4005166,3.2216386,5.7968497,3.9753904,4.5824134,6.4835678,4.8689000,0.4882667,6.9001732,5.0476450,5.1509899,6.8961047,5.5697847,5.7389176,6.4808226,0.2577768,0.2256445,0.4618436,0.1285880,4.9431780
AKR1B10,8.9696849,1.0341460,0.2348094,0.1759789,0.1016826,0.6062995,0.7259004,1.7099103,9.2590935,0.1663582,1.3480912,2.6691180,2.9742033,0.2104011,1.0152909,0.8733577,0.9326599,1.2305493,1.4088546,1.8242886,4.7411002
AGR2,0.3574583,0.2073291,0.5690239,4.4543796,7.3026186,0.5745306,1.0979904,0.9300085,0.5433953,9.0782792,0.4843485,5.9928454,2.9103252,0.1489539,0.4433485,3.0024718,0.1148594,0.1900051,2.8806243,0.1457423,3.0076067
IFITM1,6.0978216,3.2569075,3.6070273,0.4333901,5.8407332,0.1537617,6.2299347,2.2006110,6.2342178,2.0452145,0.9211818,5.8134527,7.2394207,5.5562144,1.9105867,9.1595665,0.7863509,5.7508968,4.1676040,0.7124806,5.3494235
ESRP1,4.93177324,0.04986302,0.43680239,5.25347185,0.25630599,4.94941041,5.53433447,5.54394407,0.26439979,5.07417773,5.43543577,4.83538025,6.20586110,6.21342970,5.43130541,5.14609628,0.06729149,0.12583721,0.09610117,0.19469487,5.29206278
COL5A1,4.28297853,5.67266175,0.09814701,0.06613877,0.22045356,0.28963909,3.74964401,0.19198289,5.98931368,0.05258602,0.06349273,2.87490229,2.54048199,0.14016455,4.38319261,2.90856322,7.85623050,6.42566360,5.08188583,4.90355220,0.28966008
XXbac-BPG248L24.12,1.1935960,1.2765680,1.1981073,0.1221772,0.6386580,5.0138942,3.5344981,7.5039562,7.3542293,1.2646976,1.5879411,3.9698663,7.3634512,2.3560199,2.0032216,7.9901782,3.7366370,0.9251370,4.3514186,6.5016860,1.7975472
RP11-66B24.4,6.3697396,3.2100607,2.0533979,0.1212339,0.1730971,7.6224099,6.8553449,5.8252379,4.4524084,0.1317732,6.0384925,4.7905780,6.2528171,6.0005415,7.3131225,7.0002859,1.9432342,1.5145436,1.4997382,5.7468987,6.0557193
EMP3,0.6613822,6.9755702,6.5795044,0.6742684,4.7485881,0.7472456,3.1543346,0.6663726,6.4764817,1.0085393,0.8126801,2.1024623,3.9347531,0.5178509,3.6228019,2.7839367,6.5179979,5.3711674,7.8687685,6.3299865,0.9489586
PPP1R1B,0.07250593,0.08971648,0.04418676,7.06687950,0.36655331,8.51400390,1.19501979,0.15000507,0.21551478,0.15290739,2.93264298,0.23189891,2.57787065,6.57194020,2.59326094,0.34388836,0.04860915,0.04004097,0.01980192,0.02381140,2.39183553
HLA-B, 3.825572, 4.000795, 2.754687, 2.784890, 2.576398, 6.753894, 8.097764,10.013298, 9.414275, 3.652311, 4.895532, 8.163106, 9.199758, 4.483374, 7.673626, 9.785916, 7.939758, 9.121871, 8.646822, 8.184373, 7.237990
CXCL1,0.09499597,9.38815790,1.19471501,0.29308687,2.61500891,0.21620074,6.81168964,0.30203521,0.76871453,2.76389263,0.26224241,3.89721989,1.62159795,0.09818815,4.58545486,1.92924875,0.09186849,3.45545227,1.05238123,6.38257311,2.43781657
F3,4.9522947,0.3806644,7.5625564,0.3437929,3.1573351,1.3519800,5.4838870,2.7080502,3.9733666,1.7301885,3.1968293,6.5776912,7.3787284,1.3140447,2.8498365,8.0605904,6.5143753,1.9464444,8.0606936,2.3732512,5.7370923
RP11-301J7.8,2.95822055,0.10942193,0.05660409,0.06219730,0.08958152,0.00000000,5.63016068,2.32860549,0.42376120,0.15300469,0.18345865,7.44974652,5.75261309,0.07050874,0.19407863,6.12654269,0.53184228,1.54548996,3.52313801,3.58462297,6.09990156
AC007563.5,7.14046612,0.05116361,3.54876454,0.13340749,0.00000000,0.00000000,0.38644086,1.39374610,2.79170106,7.77069071,0.41736121,0.06909367,2.36733103,0.26536003,7.02717522,0.41995230,4.04901885,0.11053148,0.00000000,0.50821970,2.71102697
SPDEF,2.72660588,0.05786081,0.18278911,7.73280019,0.18728809,0.08013173,0.19544425,0.24762979,0.28225804,7.16452336,0.50846666,0.33285935,1.75895035,5.20810796,0.11515199,0.55135113,0.13480475,0.14811820,3.84385609,0.05508141,5.75512250
AP1M2,5.90287097,1.77674546,3.84865245,6.08914349,1.47096483,5.33888365,4.79681090,6.07803904,0.32132832,6.41703623,6.02652733,4.62188911,5.96517173,7.38526247,0.32547061,6.63793954,0.07727835,0.13153097,3.59174352,2.59913727,7.55018066
MAL2,4.78376551,0.18775389,0.48345327,3.47518508,3.31855246,5.43518025,5.84642323,5.15224894,0.64994872,5.72658021,6.09742682,5.57538552,7.48882069,4.63787798,5.44970849,7.48727799,0.10108817,0.08585058,2.25586521,0.53811153,5.34060955
ANXA8L2,3.21774194,0.11703258,0.14813951,0.10005225,0.05446271,0.03363546,6.12277224,3.62944067,0.72078199,0.11315324,0.90499396,7.02975886,6.20415648,0.40303183,0.23519883,5.71644281,0.52735217,1.24484323,3.88925477,3.77822355,5.81414961
FGFBP1,0.238472674,1.287367514,6.042709249,0.202100035,0.621845523,0.009638536,5.753334593,0.480876867,0.844777442,0.184456585,5.718346720,5.997957034,5.614288488,0.093781083,3.528297904,4.491172588,0.026885701,0.145264613,0.125699818,0.417616652,5.435364420
EFHD1,0.84828787,0.69806276,0.55179318,5.67663322,3.62359866,0.07140917,2.65528242,4.91355371,2.84783739,6.99222862,5.55201293,1.83553629,0.36477605,8.50964128,5.84895927,0.53641451,1.51715256,4.76601039,2.46110107,0.81778863,5.82583679
FOSL1,3.0573936,6.0436263,6.8279559,0.3500541,1.0911669,1.3420952,5.1165591,1.0701281,7.4530812,0.4157245,0.4278718,2.8869780,4.9537001,0.8622732,4.9666359,3.0851585,6.0121344,3.6771622,7.8534766,6.8026765,4.0198779
DKK1,1.5071234,6.9723570,7.9708090,5.2042456,0.4697529,0.3983228,0.2818858,1.8409254,2.2653010,0.2750725,1.2259762,4.6216051,4.5303324,0.3024175,6.3099988,3.3902036,2.1013246,4.2213229,7.4886136,4.6768130,3.9980302
TPM2,0.1943943,8.1196691,5.7467915,1.2417859,5.9548411,1.3866390,5.4742514,0.6647104,7.7624280,1.2823459,1.8978744,4.2866084,2.5418270,6.6922239,5.9873483,4.7431104,8.5033807,4.8012636,3.0873274,4.7129412,5.2122927
KLK10,0.188085101,0.014980110,0.074511892,0.044216747,0.495843380,0.068408803,3.534936645,5.763477926,0.094693004,0.099808772,1.630222347,3.558226605,8.557054161,0.047082178,3.883683851,5.107759195,0.006538156,0.050984615,0.095851755,0.045808015,4.504497154
FABP5P7,0.4995146,6.6272586,6.4132941,0.4393777,5.9380991,6.9015953,7.4755932,5.5378047,6.0228158,0.7074460,8.2644850,6.4524602,5.6063984,8.3397795,6.6028154,2.6017158,5.2117520,5.5107596,5.2889646,6.3105570,0.9130996
EHD2,0.14244901,6.24319360,6.26513986,0.16708448,1.26221359,0.03311841,5.08540065,1.02759364,4.65508061,1.89036476,0.14153260,4.89448114,3.94028474,0.18852737,3.81990513,4.34714445,7.62909288,4.40377700,5.83724660,0.27081672,1.25775426
CST1, 0.00000000, 0.03203738, 0.00000000, 1.79454784, 0.05173697,10.50624510, 0.11050916, 0.00000000, 0.00000000, 0.01525207, 0.00000000, 0.01460030, 0.35102764, 0.05389399, 0.08927021, 0.08185832, 0.20957977, 0.00000000, 5.38673150, 0.00000000, 0.02201727
ANXA1,2.5831937,7.3853552,8.1741775,0.5546882,5.3809036,0.4281812,6.6849030,3.6335158,6.6086953,1.5729061,3.9938064,6.9455456,8.2079540,8.8386685,5.8895585,5.5079455,6.3394330,6.3447093,7.3251671,7.8976515,6.8405365
MIR205HG,4.37570022,0.05694222,0.20580986,2.47456054,0.01175698,0.07886912,4.18313392,1.47593111,0.09141514,1.29728987,0.56200392,8.17454111,5.60753542,0.09811494,0.98170302,4.85465355,0.01883323,0.00000000,0.01142272,0.00000000,5.82282656
AC068134.8,6.18239102,0.01378156,1.34222581,0.04572086,0.00000000,2.59706981,2.15114199,0.11532790,0.02232679,0.01952950,0.04689141,2.34186449,6.95480351,0.00000000,0.30319216,6.80041245,0.15416824,0.09242361,0.75041289,0.03897760,5.92627989
ANXA8,2.95641462,0.10713838,0.14751250,0.03582392,0.08059145,0.01287800,5.93384992,2.82006324,0.60093419,0.11382728,0.72445676,7.22463397,5.88328541,0.34890824,0.30883318,5.71953254,0.51372793,1.48656083,3.60374428,3.61571168,5.91112085
TNFAIP2,5.93651798,0.39855942,1.52707450,3.66789473,5.28698437,0.09127293,6.24002643,6.78535927,0.66389975,2.41107090,1.25820399,7.68646013,6.55305726,0.17960449,5.60106561,5.83763092,2.47574147,5.59845227,4.28490188,5.20896229,5.94221201
EHF,4.03881595,0.16992844,0.08262859,6.49142866,3.71745240,0.66324461,3.64981993,2.67314870,0.15215508,3.96257428,6.29556829,6.47973007,5.36843759,6.68933378,3.89389585,5.81196122,0.07109394,0.02348491,4.08693474,0.68831200,5.65837494
FKBP10,5.2747703,5.8269876,6.4488077,1.5874028,6.8583560,5.1224527,5.1656133,0.4277126,5.6159308,1.5905192,0.2737855,4.7946507,5.3030370,5.0859562,5.9251500,5.8113849,7.5232710,1.0813376,0.2415008,6.0101944,0.4759776
GJA1,0.09661345,6.82669569,1.45859836,0.12924770,0.66319395,0.07175324,0.19368060,0.29479368,2.74395240,7.16649381,0.12758496,3.88917426,0.28796634,0.18820200,1.33261409,1.29111068,7.02399980,5.06267631,1.96691755,0.40597375,0.46899772
PTRF,6.5822623,8.2880215,7.6337468,0.3946085,4.9544747,0.2045232,5.0040724,3.7405197,6.5691720,1.1380415,3.3783070,4.8758010,7.2290676,2.2419962,7.2643943,5.5922758,8.2137929,5.8413316,7.7319875,5.7918060,5.7092025
PRSS8,5.12460064,0.09263554,1.29376574,5.78576355,0.75421536,1.85245569,4.96036905,6.25280155,0.32139476,6.18982486,4.06862758,4.85270447,5.43041988,5.70160862,4.90771148,4.93571639,0.03891453,0.23047140,0.18628907,0.17563149,5.18798961
TIMP1,3.7131441,5.5865309,6.1911425,0.3758947,3.3607725,7.0707132,5.4113362,0.6928627,5.6550371,4.8309225,0.3446353,4.0128108,5.2516410,0.8004934,3.6708891,4.9375351,6.0328742,7.5737244,7.3415066,9.3171579,3.7719580
SFN,6.9041985,0.4088066,4.0191872,3.2742352,1.6277413,5.6155615,7.3888009,1.4669748,6.3665338,4.8499045,7.5115181,6.4621299,7.9400507,6.6189513,5.5403671,5.9532713,4.7408411,0.8647983,6.0903457,1.2427958,7.9261992
SCG2,0.30109912,4.58404072,7.57901399,0.19189572,0.62896082,6.86479324,0.63973047,0.19184289,4.91306516,0.43046050,0.35251394,0.52317867,0.08946239,0.07714954,2.34721422,2.03295089,6.47055313,2.16284582,1.15610229,2.47277053,0.33501525
MAGEA3,7.21664404,0.13382259,0.06332652,0.09203148,0.10008674,1.69802094,0.10578304,2.49659355,0.15065549,0.41184823,0.05030189,4.22118971,0.07870227,0.02676086,0.06577586,4.93872746,3.26100651,4.83887441,0.18849556,0.75624290,7.20632268
GABRP,0.139904154,0.002076713,0.012609228,0.020764489,0.264759474,0.000000000,6.703631464,4.373897711,0.020119885,0.023415833,5.689558162,1.282685618,2.911935121,7.663738546,2.207482233,2.937131053,0.008116663,0.000000000,0.000000000,0.000000000,0.820918377
PRAME,3.20804424,2.89396665,0.09957952,0.14137846,3.32068764,0.03797564,6.48774069,6.28615120,4.46877765,6.55412485,0.08784916,2.46738515,0.04693874,3.09053074,5.11645613,0.24785845,4.63523454,0.47298416,0.09942845,5.49463723,0.34626635
NT5E,1.6344427,6.2675402,4.1075731,0.1397905,5.8116581,0.1431570,5.9276600,2.4310946,0.3044768,0.3835381,0.3011042,1.5777322,4.0200364,0.3289985,2.5498418,5.7931124,5.8572061,3.1589067,6.9072505,4.8682281,5.9728788
CD24P4,9.326621,5.797167,5.013649,8.869924,9.266223,6.460848,7.604416,6.713465,3.748288,7.899845,9.518406,6.933740,7.492585,9.819227,8.644759,8.692107,1.859963,6.336849,2.703897,2.995253,9.762567
ADIRF,1.6231471,2.6137261,4.6254753,3.3852134,0.5745080,4.8288650,3.3577289,1.2679224,0.9284746,5.7927428,0.2525784,9.3895004,0.1585894,0.1480708,4.6488078,5.9771397,1.1840868,2.2232411,5.3655278,1.1640484,4.4735641
CDH3,7.3890024,5.1795394,0.6740530,4.2728613,2.9707335,4.8550127,6.5133345,3.5042207,2.6930453,0.8489057,4.5974958,5.6479271,6.6255117,5.4520075,6.2650319,5.8890492,0.1402159,0.5964093,0.1466950,0.1084541,4.2599580
MUCL1,1.30765637,0.03084785,0.00000000,4.83380146,0.01680146,6.08331960,0.00000000,4.68156260,0.06601725,5.16063500,0.33383004,0.00000000,0.00000000,7.15009217,0.00000000,0.00000000,0.00000000,0.00000000,0.00000000,0.01475107,0.12274809
IGFBP6,0.2585683,0.6661767,5.8126849,0.3557043,1.2494031,0.4394941,2.9548485,0.8744402,3.9819509,0.7618088,0.2759286,5.6000094,7.1288026,0.7825189,4.0567694,7.0473373,4.5121762,3.4543754,5.6067008,5.1333713,1.0122175
CYP1B1,4.4717623,6.2173543,1.6131137,1.7857763,2.6584661,0.6598928,4.2912895,8.2826739,7.0923904,0.1005507,7.6243846,2.9056876,3.6152895,1.0607663,5.9549423,4.9117602,3.4030925,6.6464380,6.8217209,6.3525167,5.2050888
CLDN1,3.4387793,5.5029026,5.0555545,0.2133093,4.5416223,3.6261245,6.4398665,4.9397250,0.7188665,0.2368013,4.1747290,6.5917181,6.3422038,0.2255763,6.9255310,5.9927233,1.0061440,0.6375956,0.7821654,1.9926798,4.4084474
MAGEA6,7.09846474,0.09297263,0.06768982,0.09830622,0.07992960,1.04682992,0.17345447,1.61615327,0.14816610,0.29143336,0.07623490,4.34582739,0.06275846,0.03804810,0.06619261,4.99860678,3.24209716,3.32438480,0.12971655,0.70905404,7.57724983
TGM2,1.8791823,5.0642055,7.3814908,0.5075151,2.2836739,0.1859473,2.3553098,1.6292073,1.7370755,0.7933195,0.4329643,1.6801624,5.6757395,0.2326903,6.2400761,6.1347136,3.1435440,0.2714766,6.9104399,3.0921837,0.9453853
XIST,0.01913457,0.03884548,0.02680134,3.83281383,0.06143890,5.25883168,1.50753208,5.08361323,0.06739481,0.02499483,0.05346963,0.05152482,0.04722598,0.05204955,6.24386968,0.04057114,0.04367985,6.47284017,0.08293395,4.33076756,0.18995483
ITGB4,4.9035343,0.3067451,5.9883204,1.3992621,3.7159384,7.0515832,7.2300631,1.6851140,2.3820630,0.6448454,2.1761340,6.9571199,4.8021481,2.5014609,4.4934316,7.3065924,0.1007138,1.2772376,5.7035494,2.9436606,4.9498448
RP11-334E6.12,0.01540655,6.97198367,0.77232107,0.01656491,0.20305377,0.02064684,0.10896934,0.14334828,0.20292012,0.08223365,0.14618236,2.09895556,0.27464665,0.29065853,0.15475849,0.31225939,9.13748667,0.00000000,0.04631830,0.00000000,0.14546942
PXDN,5.13269991,6.33360279,2.34431284,2.65410673,0.13883166,0.02543427,6.79401956,0.29752228,5.74136545,2.07169549,5.46324496,2.67457936,4.36403297,1.06524577,6.33379753,6.40120296,8.28053561,5.52626735,4.86645358,4.08319793,4.77044714
KRT6B,0.53504113,0.06455572,0.01873718,0.11949246,0.05915606,0.36448827,7.56066472,0.95164814,7.77028077,0.11807377,4.01526667,1.99177388,0.53613997,0.06161585,1.23814806,0.15256242,0.00000000,0.03373305,0.00000000,0.21811018,4.25854174
LGALS3BP,6.405849,1.568143,5.799152,1.261833,3.946687,6.465643,8.849734,7.100114,6.226235,2.372912,0.912592,7.473822,7.248844,6.865932,2.027198,8.111216,5.688221,6.154245,7.017218,6.021270,7.017036
COL4A1,2.46754013,3.70822015,1.78406307,0.05121235,6.39331910,0.13223428,5.00922252,0.25721877,3.30264074,0.06310059,0.45497091,3.96189758,2.27006166,0.29700421,4.15410639,2.31177908,8.67334962,6.70665873,2.68873821,3.10384741,1.62308866
KRT13,1.20013965,0.09615314,0.16920910,0.22100877,0.18519014,0.16036319,0.16379488,0.21698026,0.10943284,0.23584494,0.16735679,9.08021687,6.91021406,0.08631772,0.71968993,2.57065553,0.14618506,0.32579846,0.14908379,0.11603501,2.70770236
S100A8,6.51051332,2.12458723,0.06959479,0.13955871,0.04495174,0.00000000,0.29481924,2.65469874,4.20120127,0.41320903,0.19553785,2.11820120,4.68004923,0.78730318,0.46404282,0.42845854,0.00000000,0.02557900,0.04368787,5.51746575,7.36501561
SPINT1,6.2560850,0.1242513,0.6762033,5.9211584,3.1726434,5.5770838,5.9223918,5.4608713,1.1924455,5.0047662,5.8241494,5.8385259,5.6990889,5.1658433,6.0055006,5.3857821,0.4467248,0.5837865,1.3613485,0.7429687,5.8966126
VTCN1,1.573435412,0.024886059,0.079058931,2.410552408,1.867419206,0.038885932,3.526290160,4.369330294,0.040221308,1.209438268,5.344734491,0.661970230,3.960750030,7.715840320,4.083069265,3.071666201,0.024371619,0.096207291,0.009878845,0.030997881,6.634328937
CYR61, 5.9860311, 8.6277092, 8.2306442, 3.7947769, 5.4477758, 0.5497556, 7.3289380, 3.6608927, 7.1552398, 4.2109944, 5.1896456, 2.8977395, 5.9201433, 3.8545591, 8.6953559, 5.6083207,10.7703875, 5.5570674, 8.7106154, 4.1987266, 6.8133741
H19, 4.3996746, 0.1939711, 1.1710793, 1.2372078, 1.0974672,10.0535580, 0.4244794, 0.8385196, 1.1121075, 0.5375610, 0.4217270, 6.4943572, 0.3822778, 1.6746714, 1.4773198, 0.8716508, 1.1053470, 3.1600496, 0.5801110, 1.1387896, 2.1218309
IFI27,0.5578770,0.3666921,4.3398344,0.2739271,0.4609470,1.2581832,3.5652348,6.4748912,3.1561110,0.5660355,0.3686622,4.2423528,6.9188281,0.2470572,0.5035019,6.9196930,0.4065376,3.8631282,5.0148298,0.9080329,2.1592417
IFITM3,7.1330298,6.9879698,5.5759368,0.7669229,7.0185294,1.3910851,7.7684115,7.0946597,7.8809758,3.7576317,5.2911007,6.8907144,7.7173862,7.8286457,1.4376213,9.1517934,6.9229127,8.3628980,7.0060502,7.6049012,7.4361226
MMP2,0.16484196,3.98610808,0.50515472,0.13052011,2.06268009,0.05745361,3.12826822,0.75230719,7.07407856,0.16138215,0.09225221,1.94075242,0.92217269,0.36095147,4.27943248,5.69020925,6.02143150,4.85452953,0.14339278,5.17294842,0.60332440
FBP1,0.428435829,0.103460686,0.091633295,5.358670113,0.071626730,5.649219332,0.017053782,0.641358657,0.088930351,6.135029419,0.009682667,2.951824330,6.566591794,0.014282898,2.361178642,3.044141606,0.029183445,0.097780881,4.524612492,0.085973781,2.042404420
PLBD1,5.20790086,5.06563833,4.42382685,0.34090988,7.56402618,0.02585394,0.80571293,2.50311093,0.12222625,1.98610721,0.26382667,5.84591017,5.49994343,2.03203967,3.87090377,6.23089984,0.07604457,3.31384736,1.95808856,5.61885707,2.53913976
MAGEA4,0.03763195,0.08601586,0.04582625,0.03377664,0.08210089,0.09491900,0.08125488,0.08156312,0.05839435,0.11265448,0.01569331,4.71012358,0.03449169,0.04211919,4.66055557,4.79618174,0.02766358,0.04969306,0.05679921,8.54980112,0.48137249
MMP14,0.5322697,6.8916968,3.7398653,2.1431795,6.1774726,0.3829819,6.1239671,6.5777345,6.2320230,3.8814315,0.4417137,6.5726840,3.6947127,4.9966704,5.6173911,5.6028815,7.3097866,2.9423393,6.9788386,1.2915308,2.4780945
GRHL2,5.05668583,0.04202997,0.66662125,4.74867011,0.07323464,1.95333929,5.09403885,5.26762054,0.08684230,5.52214065,4.95570107,4.78941355,4.48034203,4.53584821,4.69191302,4.92253668,0.01385298,0.07400957,0.14158801,0.02761907,4.62492539
S100A4,1.6191778,3.3334793,3.7090633,0.8287308,4.9802546,1.0839523,6.4482683,3.1455220,5.0290353,1.0786882,5.5401680,2.8031026,6.1404802,0.9187590,1.9466671,7.3257095,5.5253850,4.8550543,8.3530791,4.7084313,7.5772392
SELENBP1,4.4287035,1.1565414,0.3238714,8.3280569,4.5283900,5.9337157,3.6863949,3.7638091,4.1432401,5.8114824,2.8151381,0.1803731,3.7169034,7.8202464,2.5884549,2.6198425,0.8572148,0.0330320,2.6459092,1.0444110,3.9247147
TFPI2,5.0032847,3.5116890,5.0193529,0.6095014,8.8530694,0.2662214,4.6441258,3.0606643,4.3820692,4.6737746,1.0502515,3.2455502,2.4551585,0.4808324,4.1238262,5.2623161,1.5737787,5.0612576,4.9067298,8.8015313,4.5184619
LUM,0.03218199,0.09098303,0.11455847,0.05494744,0.34672672,0.01304848,0.11426323,0.12140727,1.45507363,0.71172862,0.03722667,2.58589618,0.24762387,0.25137405,0.27677006,5.26851530,7.75269312,6.76425447,0.43984661,0.02654882,0.08734445
THBS1,6.1768589,8.4972724,5.9346629,2.3963308,5.0816642,0.2127954,8.8502220,6.6174667,7.3516382,5.6413881,4.8754048,4.1844292,3.8413222,3.4623559,7.8655589,5.8018426,8.5595916,4.8663258,8.4905011,1.9984792,6.0919167
SULF2,4.27776627,3.04785264,0.10494123,0.19114117,2.17177725,0.06351723,5.22317890,0.17608972,6.14751503,5.45761822,1.97871133,1.07058547,6.20610965,0.03753116,3.95368458,4.99490609,0.16193646,5.64589488,0.03884262,3.99904286,3.69802126
ARHGDIB,3.1387645,2.0404478,5.0972746,2.8704329,4.1671227,0.2566900,1.6557778,7.0240086,2.1413125,3.1616473,1.1301642,6.7225804,6.5450268,4.2077381,1.0637401,6.7433191,1.6370511,1.4444927,5.6337886,0.3849759,6.8172944
CDA,1.02556921,0.29917648,5.73214154,0.11552196,0.13643493,0.00000000,4.90239425,0.14761321,0.60179493,0.19453531,0.08177608,4.19933895,5.07255936,0.09617056,0.06976110,5.65966540,0.37945512,0.38773006,5.60824986,4.48274556,2.12298443
AKR1C2,6.0587396,0.4151137,0.4254052,0.0520498,2.2338311,0.2242050,4.3779245,3.7414885,8.1144137,0.5942473,0.1761067,6.3904315,2.6874512,0.1978130,1.6359786,1.1053631,1.0367779,0.6709601,0.8796584,2.0369214,3.3923017
KRT15,2.88289507,0.44421385,0.49919646,4.34256126,0.13650984,0.03548432,2.64194258,2.32078471,1.13999507,0.97082486,5.48501915,3.27188002,8.12493015,6.19666621,4.97024802,1.21381702,0.47745362,0.24186155,1.02628788,0.30069603,3.82855771
EMP1,4.8202702,5.8910349,6.0817303,0.5142160,5.5037099,0.1701046,5.1366711,0.7031455,5.6086472,0.8151943,5.5381018,6.3716033,7.3036592,4.4653944,5.9109667,6.7745331,4.3645464,0.5571495,6.2034039,4.5880324,4.9811698
CCDC80,3.88560990,5.89335440,4.94718906,0.10153601,3.86529028,0.03910369,1.84736756,0.51267697,2.03725679,0.08561991,0.12571107,4.43048982,3.30147163,0.42665074,2.28928278,4.92194769,9.03001154,3.50563495,4.44783743,2.69824228,3.23224085
C1S,3.62042468,3.08894841,0.44022876,0.09208233,2.54281119,0.30311550,4.93090911,4.72487800,7.69078375,0.32823476,0.18074044,2.58133335,2.35998703,0.23327283,2.00367651,3.24742980,4.71087883,2.04328642,0.44896585,7.36323512,0.38859144
PRSS23,4.6356251,5.3221536,5.4762777,0.6513346,2.6710737,0.2852138,3.5803958,1.6212682,5.8143061,8.1350849,0.4285610,3.9606797,4.1302282,0.8636626,5.4950197,5.4636522,7.2658986,5.2179130,7.2505653,4.3244838,3.3723273
ELF3,6.02680894,0.63820432,1.02553491,5.99844435,3.35473135,0.19461483,4.80393008,5.84179764,0.36136243,3.45073906,5.99090455,5.00564999,5.69682345,5.11560760,4.18904527,4.66831024,0.06681106,0.55381934,1.27464247,1.67393595,5.90905760
ANXA8L1,2.71886656,0.19578004,0.10043006,0.05352279,0.06207793,0.01354843,5.64532805,2.80795320,0.50883070,0.08078410,0.76386134,6.70919585,5.19186030,0.37462336,0.22506906,5.18174736,0.49157505,1.10495789,3.18578874,3.41975989,5.47979247
COL6A3,0.07525150,0.25748733,0.17094860,0.11285018,0.07292156,0.48595985,0.23817121,4.69266605,2.50352467,0.07346122,0.05671992,0.08556663,0.33568274,0.33799360,1.12582413,2.18895430,9.71416878,3.22117260,2.32065892,0.07619298,0.23845339
GPRC5A,6.2282894,3.7406022,6.7052339,2.1392366,4.3593615,0.1000920,6.5074606,3.4433445,0.9369794,2.0146704,0.6554024,4.8111784,4.9314421,4.2132805,4.8958271,7.5594012,1.0112862,0.2617299,6.2287581,4.2757929,5.4149807
CTC-518B2.12,0.11745070,0.00000000,0.00000000,0.00000000,0.28818266,0.00000000,2.86409412,5.04220709,0.00000000,0.00000000,1.23710782,2.98383899,8.02285220,0.04903668,3.58094444,4.37342237,0.00000000,0.00000000,0.00000000,0.00000000,4.07145688
COL4A2,3.50697748,4.29648455,2.91793973,0.16153616,6.48813569,1.42959612,4.69208111,0.37877422,4.34928501,0.07435565,0.83585824,4.95174449,3.41331557,0.27681957,4.40071673,2.18412055,8.04528124,7.09497375,4.46082494,3.98063827,2.57593561
OBP2B,0.01202022,0.00000000,0.00000000,5.18456076,0.00000000,0.00000000,5.21610047,0.92257215,0.36478730,0.00000000,8.47682591,0.07680946,0.86970157,1.47522913,0.87452276,0.01501497,0.00000000,0.01591799,0.00000000,0.00000000,2.95964525
PEG10,0.4308383,4.7402611,4.3164608,8.0542628,8.5202470,5.5286128,0.5408070,1.3598035,4.0119359,7.1552858,4.2886518,3.1797393,3.5090311,7.2748945,3.7218473,4.2358924,3.1555169,7.9763845,3.6927083,5.3674551,5.0146548
MT1E,5.0016647,6.7313161,6.2524626,0.2135845,4.7433856,3.6567665,0.1546117,0.2704777,0.3242675,1.8615778,0.9397851,3.4670679,2.6222813,0.1613249,6.1571017,3.7489608,2.8111138,3.8896292,7.0075160,4.1011125,4.5228445
MIR3652,5.81021545,7.10399288,6.70155363,4.93205450,5.67888238,7.11209536,5.91530034,5.51446184,0.64772795,5.66688808,5.13447082,7.69040099,0.86550972,5.84550489,5.40589168,5.40112886,0.98236670,6.61243727,6.69196550,0.09906199,5.96864008
IL8,0.97486490,6.55303370,1.20516472,0.29813641,0.66250872,0.89497999,6.64566899,0.51925012,2.91437400,2.59312334,0.85401597,3.05115184,0.59325370,0.06999333,1.46188388,1.42313477,6.02416217,2.66064729,1.60570975,7.42542312,3.14727170
BSPRY,4.63340935,0.02790896,0.11206466,5.17331618,0.87924235,4.49228242,3.66794777,3.12399317,0.28944863,4.72731786,6.83218163,2.36415015,4.11244889,6.13475531,4.68663410,2.91601091,0.01047358,0.03833473,0.13931254,0.27617724,4.18673163
PTX3,0.06888136,1.27678701,2.09112841,0.07995418,4.18565114,0.02348816,3.85349641,6.47584510,2.81000946,0.06285271,0.26590082,1.53957760,1.09373404,0.67179258,1.29385855,1.67180461,5.10942865,6.44383731,4.93480289,6.05750395,0.43762633
PROM2,6.0518371,0.1356121,1.3698903,5.6500531,0.1083842,2.0415355,4.9051067,3.5512587,0.3962415,5.0369405,3.7293928,4.3322576,5.6497964,4.9808384,4.5960416,5.4760182,0.2546041,0.6931165,1.3192591,0.2804817,5.9410795
EDIL3,0.06014526,4.21505495,4.06943879,0.06107936,0.07030480,0.04287516,2.54621293,5.14688419,5.99348765,0.11849522,0.20255161,1.73662881,0.09665340,0.05324850,1.03397123,2.35352404,6.14312814,4.71636860,4.82640321,0.26059142,0.18338785
KRT8,10.519121, 3.724369, 8.299554, 6.993519, 7.789922, 7.401544, 7.981957, 8.966052, 3.351790, 7.998056, 9.220742, 7.532401,10.027283, 7.138699, 8.981638, 9.001940, 3.134421, 6.672035, 8.428382, 3.050762, 9.857305
CCND1,6.2740087,4.5342870,7.3450492,0.6517361,7.3416113,5.0123777,9.2217157,6.1555883,6.2391908,9.0622570,7.9925653,6.7608944,7.4174556,0.6435381,8.2995828,7.1826836,6.7057561,4.1609125,7.8219882,5.8551957,6.6241534
PLTP,0.22425904,5.78887761,5.79060921,0.08762212,4.66747184,0.02484232,0.82028703,3.18246452,2.78642299,0.19074828,0.12567236,6.20728189,2.65948108,5.66603292,2.28270746,4.98802733,3.40785641,1.51450796,1.54181754,5.43981389,0.29126212
CASP14,2.137494721,0.156680518,0.017586733,0.035279846,0.009411793,0.000000000,3.460180393,0.000000000,0.189818245,0.708775534,0.000000000,0.007870018,4.587109997,0.000000000,0.000000000,4.921611068,0.007561657,0.000000000,0.022752228,1.124350269,8.416254924
S100P,5.63364692,0.19254330,0.42418487,0.65093652,1.22847340,0.25357698,3.55790280,0.52818393,1.53474196,0.48358950,0.98116911,3.16936132,7.41131482,2.24699923,1.64652608,7.09305982,0.03791433,0.50768644,1.13230360,1.82619040,4.64877185
LXN,0.14983207,1.53352051,4.20453876,0.04641968,2.42356836,0.01172874,3.41764833,3.43118106,0.16805044,3.99753545,2.30610175,0.05622042,6.76797397,2.28283321,6.14475812,6.42929410,0.70142106,1.19534532,3.04958984,0.17011574,5.35378434
CDH2,0.11036930,5.74001448,4.34546142,0.06447885,2.45894223,0.01846683,4.73541534,4.10686849,5.74001582,2.09577600,0.16967499,0.72597653,0.17485078,0.13386067,2.98087103,2.79085208,7.16332506,3.53955867,0.56059884,4.74254649,1.37909606
MYEOV,2.98840377,0.21174943,4.49159050,0.07685584,2.54930290,1.34592814,3.79429488,0.18048236,0.31218541,3.55697748,6.44742973,3.39565468,4.91663376,0.01715694,0.52629795,5.38740866,0.65305924,0.20548696,6.32922109,0.52638512,4.77336008
DSG3,0.010591742,0.051889454,0.010348824,0.072473665,0.013790091,0.002376797,5.362287522,0.026839882,0.104150641,0.073133787,7.108368916,2.548777351,2.594262064,1.153162805,6.439860679,1.042377115,0.013288923,0.014028556,0.002689631,0.033643107,0.068385205
CLDN3,1.68587225,0.41496686,1.74802697,6.10940059,3.75901438,2.33229707,4.35199397,2.15465566,0.14835238,5.35975412,5.79839892,2.74552877,4.81118779,6.77009281,6.62396619,4.71592545,0.03812009,0.32705791,1.01468635,1.72421167,4.68737077
CTAG2,0.06740733,0.02817138,0.07048400,0.02105281,0.07510586,0.01317493,0.05651105,6.21690672,0.24069551,0.12872831,0.04814537,5.22490241,0.04735105,0.01200540,0.03424820,5.47350684,3.40748341,5.27168586,0.02965105,0.00000000,0.14800339
TFPI,0.06885998,3.98897404,7.03225210,0.16829267,6.17639430,0.03847304,0.08820311,0.11629058,0.40449126,1.68846227,0.13120815,3.18927486,1.66425478,0.04986400,1.06132059,1.52370444,5.66341043,3.57180795,4.39107298,0.60117610,2.91865627
LOX,0.2003946,6.9677454,3.5737638,0.5664178,1.0618861,0.2115636,4.0820883,2.5616737,2.4756256,0.5831394,0.4968491,1.7679829,0.5705408,2.9190304,2.3314927,1.3306560,8.8151359,2.5771819,4.5588927,1.4747448,0.7278374
STEAP4,5.230011637,0.022912586,0.032307945,0.018329732,0.023941789,0.038620781,1.934803610,6.525650078,0.073166952,0.355312479,0.041968580,0.521139424,3.997412524,0.004188412,4.634568241,3.463235484,0.008589248,0.013580908,0.081065715,0.034875576,5.233735811
LEPREL1,5.00322888,6.48950550,4.98267421,0.08025670,3.10648403,0.07762659,5.64684575,3.98009494,5.30156639,0.07893553,0.48881233,3.37648326,6.63017801,0.61823790,5.90163340,3.49791858,6.10281544,3.28939895,3.90925688,1.49078564,3.03292777
SAA1,0.61558620,0.31895420,0.10834337,0.26345286,0.54380207,0.05064044,5.33057009,3.90745055,0.55714005,0.29886503,2.50313945,4.28057200,6.13426352,0.00000000,0.39157931,4.55549453,0.23660903,2.76522367,4.29958395,5.63686664,4.70122576
TFF3,0.041448337,0.146054518,0.106863055,3.574098139,0.113778017,0.570684826,0.106586931,0.133871776,0.113700820,9.965509174,0.195030198,0.175733568,0.000000000,0.020423645,0.009821969,0.061755718,0.020969569,0.097030952,1.128874761,0.078602162,0.258034209
WBP5,4.8864286,2.7831973,6.9223762,0.2627622,7.7616455,6.1293833,4.1085996,6.9735876,4.7340866,0.2665655,2.3416130,5.3352445,5.4029100,5.0268459,5.2288417,5.7885626,5.9598131,5.4279275,6.4906196,6.9804210,0.6098646
GPX3,0.2521868,1.0307346,2.6397844,1.4383025,3.6928725,0.2972845,0.6037756,1.3904774,2.4930836,0.1691869,0.4122890,6.2723951,6.5017794,2.1088065,6.0269951,3.9541897,0.1846548,3.2495400,6.0470918,0.6382930,0.4436847
Sample,BT20,BT549,CAL120,CAL148,CAL51,DU4475,HCC1143,HCC1187,HCC1395,HCC1500,HCC1599,HCC1806,HCC1937,HCC2157,HCC38,HDQP1,HS578T,MDAMB157,MDAMB231,MDAMB436,MDAMB468
BRCAness,BRCA-like,Non-BRCA-like,BRCA-like,Non-BRCA-like,Non-BRCA-like,BRCA-like,BRCA-like,BRCA-like,BRCA-like,Non-BRCA-like,BRCA-like,BRCA-like,BRCA-like,BRCA-like,BRCA-like,BRCA-like,BRCA-like,BRCA-like,Non-BRCA-like,BRCA-like,BRCA-like
